keith,melbourne,Keith Melbourne,1234567890,08,2011
erwin,leuven,Erwin Leven,0987654321,09,2011
jeremy,atlanta,Jeremy Atlanta,2468097531,01,2012
scott,rochester,Scott Rochester,1357924680,02,2012
user-1,password-1,first-name-1 last-name-1,1520030485,03,2012
user-2,password-2,first-name-2 last-name-2,1959360287,03,2012
user-3,password-3,first-name-3 last-name-3,1980089779,03,2012
user-4,password-4,first-name-4 last-name-4,1936613987,03,2012
user-5,password-5,first-name-5 last-name-5,1522492733,03,2012
user-6,password-6,first-name-6 last-name-6,21955892,03,2012
user-7,password-7,first-name-7 last-name-7,1203607584,03,2012
user-8,password-8,first-name-8 last-name-8,1607512103,03,2012
user-9,password-9,first-name-9 last-name-9,1358027410,03,2012
user-10,password-10,first-name-10 last-name-10,1499675043,03,2012
user-11,password-11,first-name-11 last-name-11,1203624481,03,2012
user-12,password-12,first-name-12 last-name-12,642284373,03,2012
user-13,password-13,first-name-13 last-name-13,1082577029,03,2012
user-14,password-14,first-name-14 last-name-14,904788206,03,2012
user-15,password-15,first-name-15 last-name-15,417018367,03,2012
user-16,password-16,first-name-16 last-name-16,378510774,03,2012
user-17,password-17,first-name-17 last-name-17,756345968,03,2012
user-18,password-18,first-name-18 last-name-18,1579383147,03,2012
user-19,password-19,first-name-19 last-name-19,1548052286,03,2012
user-20,password-20,first-name-20 last-name-20,2115183893,03,2012
user-21,password-21,first-name-21 last-name-21,438011419,03,2012
user-22,password-22,first-name-22 last-name-22,224518670,03,2012
user-23,password-23,first-name-23 last-name-23,1047249167,03,2012
user-24,password-24,first-name-24 last-name-24,2068170629,03,2012
user-25,password-25,first-name-25 last-name-25,484415487,03,2012
user-26,password-26,first-name-26 last-name-26,1660034202,03,2012
user-27,password-27,first-name-27 last-name-27,47737336,03,2012
user-28,password-28,first-name-28 last-name-28,543704222,03,2012
user-29,password-29,first-name-29 last-name-29,507927446,03,2012
user-30,password-30,first-name-30 last-name-30,1278435293,03,2012
user-31,password-31,first-name-31 last-name-31,375707267,03,2012
user-32,password-32,first-name-32 last-name-32,1946717426,03,2012
user-33,password-33,first-name-33 last-name-33,1489063001,03,2012
user-34,password-34,first-name-34 last-name-34,1000073124,03,2012
user-35,password-35,first-name-35 last-name-35,1348364969,03,2012
user-36,password-36,first-name-36 last-name-36,679280376,03,2012
user-37,password-37,first-name-37 last-name-37,2142553318,03,2012
user-38,password-38,first-name-38 last-name-38,279828935,03,2012
user-39,password-39,first-name-39 last-name-39,2115466755,03,2012
user-40,password-40,first-name-40 last-name-40,475087014,03,2012
user-41,password-41,first-name-41 last-name-41,769907418,03,2012
user-42,password-42,first-name-42 last-name-42,1853576753,03,2012
user-43,password-43,first-name-43 last-name-43,1693450599,03,2012
user-44,password-44,first-name-44 last-name-44,1763195149,03,2012
user-45,password-45,first-name-45 last-name-45,926690060,03,2012
user-46,password-46,first-name-46 last-name-46,303719095,03,2012
user-47,password-47,first-name-47 last-name-47,1193909559,03,2012
user-48,password-48,first-name-48 last-name-48,252179110,03,2012
user-49,password-49,first-name-49 last-name-49,1626628998,03,2012
user-50,password-50,first-name-50 last-name-50,338657435,03,2012
user-51,password-51,first-name-51 last-name-51,1840970104,03,2012
user-52,password-52,first-name-52 last-name-52,1592741588,03,2012
user-53,password-53,first-name-53 last-name-53,2080661376,03,2012
user-54,password-54,first-name-54 last-name-54,144653399,03,2012
user-55,password-55,first-name-55 last-name-55,1045356194,03,2012
user-56,password-56,first-name-56 last-name-56,489845615,03,2012
user-57,password-57,first-name-57 last-name-57,1465472884,03,2012
user-58,password-58,first-name-58 last-name-58,1439011475,03,2012
user-59,password-59,first-name-59 last-name-59,439660825,03,2012
user-60,password-60,first-name-60 last-name-60,1528415483,03,2012
user-61,password-61,first-name-61 last-name-61,1324661955,03,2012
user-62,password-62,first-name-62 last-name-62,257173036,03,2012
user-63,password-63,first-name-63 last-name-63,1038366946,03,2012
user-64,password-64,first-name-64 last-name-64,959646970,03,2012
user-65,password-65,first-name-65 last-name-65,599456704,03,2012
user-66,password-66,first-name-66 last-name-66,1808175603,03,2012
user-67,password-67,first-name-67 last-name-67,1845404654,03,2012
user-68,password-68,first-name-68 last-name-68,930001710,03,2012
user-69,password-69,first-name-69 last-name-69,1349396946,03,2012
user-70,password-70,first-name-70 last-name-70,1618984543,03,2012
user-71,password-71,first-name-71 last-name-71,189859675,03,2012
user-72,password-72,first-name-72 last-name-72,92650547,03,2012
user-73,password-73,first-name-73 last-name-73,2011510036,03,2012
user-74,password-74,first-name-74 last-name-74,162276647,03,2012
user-75,password-75,first-name-75 last-name-75,563572603,03,2012
user-76,password-76,first-name-76 last-name-76,757966740,03,2012
user-77,password-77,first-name-77 last-name-77,460082464,03,2012
user-78,password-78,first-name-78 last-name-78,1634677313,03,2012
user-79,password-79,first-name-79 last-name-79,1237018018,03,2012
user-80,password-80,first-name-80 last-name-80,582960588,03,2012
user-81,password-81,first-name-81 last-name-81,719973044,03,2012
user-82,password-82,first-name-82 last-name-82,489680182,03,2012
user-83,password-83,first-name-83 last-name-83,959287566,03,2012
user-84,password-84,first-name-84 last-name-84,946832817,03,2012
user-85,password-85,first-name-85 last-name-85,315720748,03,2012
user-86,password-86,first-name-86 last-name-86,576945857,03,2012
user-87,password-87,first-name-87 last-name-87,656851971,03,2012
user-88,password-88,first-name-88 last-name-88,794535101,03,2012
user-89,password-89,first-name-89 last-name-89,1511498991,03,2012
user-90,password-90,first-name-90 last-name-90,1202627349,03,2012
user-91,password-91,first-name-91 last-name-91,2112182314,03,2012
user-92,password-92,first-name-92 last-name-92,864808705,03,2012
user-93,password-93,first-name-93 last-name-93,533888312,03,2012
user-94,password-94,first-name-94 last-name-94,162939128,03,2012
user-95,password-95,first-name-95 last-name-95,712912740,03,2012
user-96,password-96,first-name-96 last-name-96,495235396,03,2012
user-97,password-97,first-name-97 last-name-97,1823464798,03,2012
user-98,password-98,first-name-98 last-name-98,1075587043,03,2012
user-99,password-99,first-name-99 last-name-99,1912623462,03,2012
user-100,password-100,first-name-100 last-name-100,855240131,03,2012

